kernel,forward_ms,backward_ms,total_ms,status
Naive Attention,3.546170797199011,7.58527759462595,11.13144839182496,success
MyTriton,34.298884961754084,4.053686326369643,38.35257128812373,success
VecTorch,1.1152133345603943,3.552486374974251,4.667699709534645,success
