kernel,forward_ms,backward_ms,total_ms,status
Naive Attention,71.78310137242079,127.80460566282272,199.5877070352435,success
MyTriton,11.954591702669859,32.34605090692639,44.30064260959625,success
VecTorch,14.400720223784447,25.240055192261934,39.64077541604638,success
