kernel,forward_ms,backward_ms,total_ms,status
CompTorch,101.53220072388649,117.0277951285243,218.5599958524108,success
Naive Attention,108.08846168220043,124.60588682442904,232.69434850662947,success
MyTriton,99.54215381294489,115.49175772815943,215.03391154110432,success
