kernel,forward_ms,backward_ms,total_ms,status
CompTorch,88.73339928686619,116.18130467832088,204.91470396518707,success
Naive Attention,96.76670450717211,123.64977765828371,220.41648216545582,success
MyTriton,83.84790252894163,111.07127796858549,194.91918049752712,success
