heads_num,d_model,forward_time,backward_time
8.0,512.0,0.30520524604798993,0.6017495699779829
8.0,1024.0,0.6661662179976702,1.3623652490205131
8.0,2048.0,2.1964042949839495,4.005061787007435
16.0,512.0,0.294678534999548,0.5546532459702576
16.0,1024.0,0.6652470989938593,1.3640419810035382
16.0,2048.0,2.19843085201137,4.012538063034299
32.0,1024.0,0.6583270909395651,1.3647662279763608
32.0,2048.0,2.1966753259766847,4.004452392939129
