heads_num,d_model,forward_time,backward_time
8.0,512.0,0.7770568779305904,1.617518684004608
8.0,1024.0,2.3868343230205937,4.719953708976391
8.0,2048.0,8.423008769983426,17.147499847022118
16.0,512.0,0.7767646870270255,1.6144874709643773
16.0,1024.0,2.3868777160023456,4.723258999016252
16.0,2048.0,8.422381774020323,17.147708662996592
32.0,1024.0,2.387135902979935,4.724805108031433
32.0,2048.0,8.421011031983653,17.14791830995091
