N,Triton,Torch
32.000000,0.012288,0.845312
64.000000,0.015360,5.082160
128.000000,0.019456,21.096992
256.000000,0.029696,84.393982
512.000000,0.049152,334.316559
