heads_num,d_model,forward_time,backward_time
8.0,512.0,0.22627335001743631,0.5319249969907105
8.0,1024.0,0.6178276610007742,1.3485059309750795
8.0,2048.0,2.1559172950146603,3.9218889260009746
16.0,512.0,0.2117815689634881,0.5129425220002304
16.0,1024.0,0.6184300450186129,1.350465584975609
16.0,2048.0,2.1564164419833105,3.921384140929149
32.0,1024.0,0.6172981419804273,1.3509543629916152
32.0,2048.0,2.157981847085466,3.921574683030485
