heads_num,d_model,forward_time,backward_time
8.0,512.0,0.7710570930066751,1.5246110640000552
8.0,1024.0,2.423283825002727,4.667109560003155
8.0,2048.0,8.546412088027864,17.184999331992003
16.0,512.0,0.7781948030169588,1.5272505800166982
16.0,1024.0,2.4265980439449777,4.678017033991637
16.0,2048.0,8.542430251996848,17.18332174497482
32.0,1024.0,2.4231354469739017,4.679978254032903
32.0,2048.0,8.543764633992396,17.184526293996896
